{"fit_time_mean": 1.5204673767089845, "fit_time_std": 0.1984104745999668, "score_time_mean": 0.17451364994049073, "score_time_std": 0.034075588452497564, "test_average_precision_mean": 0.7867197998405746, "test_average_precision_std": 0.009468065050419465, "test_roc_auc_mean": 0.9138750406215956, "test_roc_auc_std": 0.0033532142452579795, "test_accuracy_mean": 0.8590556970853797, "test_accuracy_std": 0.004696881719709484, "encoder": "JamesSteinEncoder", "data_id": 179, "data_name": "adult", "is_classification": true, "cv": "StratifiedKFold(n_splits=10, random_state=42, shuffle=True)"}