{"fit_time_mean": 1.9117759227752686, "fit_time_std": 0.3012005636240434, "score_time_mean": 0.10040054321289063, "score_time_std": 0.014006449034626162, "test_average_precision_mean": 0.7865040577715926, "test_average_precision_std": 0.009503839423466873, "test_roc_auc_mean": 0.9139029092693193, "test_roc_auc_std": 0.0034517272020395465, "test_accuracy_mean": 0.8587076007802722, "test_accuracy_std": 0.005455299272064379, "encoder": "SKTargetEncoderBS", "data_id": 179, "data_name": "adult", "is_classification": true, "cv": "StratifiedKFold(n_splits=10, random_state=42, shuffle=True)"}