{"fit_time_mean": 3.6158891201019285, "fit_time_std": 0.7063813420402985, "score_time_mean": 0.1841761589050293, "score_time_std": 0.045436383048312594, "test_average_precision_mean": 0.7858939990186367, "test_average_precision_std": 0.010564799412190878, "test_roc_auc_mean": 0.9135805628734209, "test_roc_auc_std": 0.003764337120522558, "test_accuracy_mean": 0.858482404894892, "test_accuracy_std": 0.004600514141416981, "encoder": "JamesSteinEncoderCV", "data_id": 179, "data_name": "adult", "is_classification": true, "cv": "StratifiedKFold(n_splits=10, random_state=42, shuffle=True)"}