{"fit_time_mean": 0.4482827663421631, "fit_time_std": 0.08656801553798563, "score_time_mean": 0.03506345748901367, "score_time_std": 0.006125218518850899, "test_average_precision_mean": 0.4709397411410605, "test_average_precision_std": 0.02471122413316002, "test_roc_auc_mean": 0.7196822656921569, "test_roc_auc_std": 0.013870022192589407, "test_accuracy_mean": 0.7789812618983551, "test_accuracy_std": 0.0053539884341937604, "encoder": "drop", "data_id": 179, "data_name": "adult", "is_classification": true, "cv": "StratifiedKFold(n_splits=10, random_state=42, shuffle=True)"}