{"fit_time_mean": 2.0983238220214844, "fit_time_std": 0.3202351595085602, "score_time_mean": 0.11532084941864014, "score_time_std": 0.022357719236810857, "test_average_precision_mean": 0.7867002201109818, "test_average_precision_std": 0.00989440636833583, "test_roc_auc_mean": 0.9139273427705575, "test_roc_auc_std": 0.003360246412946033, "test_accuracy_mean": 0.8589737928120733, "test_accuracy_std": 0.005018645749969289, "encoder": "SKTargetEncoder", "data_id": 179, "data_name": "adult", "is_classification": true, "cv": "StratifiedKFold(n_splits=10, random_state=42, shuffle=True)"}