{"fit_time_mean": 1.485225248336792, "fit_time_std": 0.2339985004418193, "score_time_mean": 0.1279076337814331, "score_time_std": 0.023120324794068024, "test_average_precision_mean": 0.7865566974039678, "test_average_precision_std": 0.010066059089898913, "test_roc_auc_mean": 0.9136746399056962, "test_roc_auc_std": 0.0033833443447169025, "test_accuracy_mean": 0.8594652394089447, "test_accuracy_std": 0.0051482321640703545, "encoder": "SKOrdinalEncoder", "data_id": 179, "data_name": "adult", "is_classification": true, "cv": "StratifiedKFold(n_splits=10, random_state=42, shuffle=True)"}