{"fit_time_mean": 0.19896795749664306, "fit_time_std": 0.022228879301039138, "score_time_mean": 0.01700913906097412, "score_time_std": 0.0013178426632882885, "test_average_precision_mean": 0.47083956150326, "test_average_precision_std": 0.010157423659891572, "test_roc_auc_mean": 0.7197666951304788, "test_roc_auc_std": 0.0059629536857565115, "test_accuracy_mean": 0.779288261463287, "test_accuracy_std": 0.003108879951801256, "encoder": "drop", "data_id": 179, "data_name": "adult", "is_classification": true, "cv": 10}