{"fit_time_mean": 1.386707353591919, "fit_time_std": 0.08282603513208192, "score_time_mean": 0.07490527629852295, "score_time_std": 0.006130444350495093, "test_average_precision_mean": 0.7860045289513219, "test_average_precision_std": 0.005415661799249962, "test_roc_auc_mean": 0.9138087627067902, "test_roc_auc_std": 0.0031506362060680355, "test_accuracy_mean": 0.8590967770599296, "test_accuracy_std": 0.003888467343435412, "encoder": "JamesSteinEncoderCV", "data_id": 179, "data_name": "adult", "is_classification": true, "cv": 10}