{"fit_time_mean": 0.8849704742431641, "fit_time_std": 0.08424911868641101, "score_time_mean": 0.0561007022857666, "score_time_std": 0.006197036507749421, "test_average_precision_mean": 0.7860022228018692, "test_average_precision_std": 0.005440196117634751, "test_roc_auc_mean": 0.9138826290877159, "test_roc_auc_std": 0.0032009662107751555, "test_accuracy_mean": 0.8594653861081702, "test_accuracy_std": 0.003782229149143609, "encoder": "SKTargetEncoder", "data_id": 179, "data_name": "adult", "is_classification": true, "cv": 10}