{"fit_time_mean": 2.0974915266036986, "fit_time_std": 0.06331698172217384, "score_time_mean": 0.05499093532562256, "score_time_std": 0.003910950900533338, "test_average_precision_mean": 0.7860290981939294, "test_average_precision_std": 0.005910088424738508, "test_roc_auc_mean": 0.9138857916100012, "test_roc_auc_std": 0.0031513134718391704, "test_accuracy_mean": 0.8594449027048823, "test_accuracy_std": 0.004263095046966579, "encoder": "SKTargetEncoderCV", "data_id": 179, "data_name": "adult", "is_classification": true, "cv": 10}