{"fit_time_mean": 0.6548135995864868, "fit_time_std": 0.07191707439822927, "score_time_mean": 0.07583005428314209, "score_time_std": 0.0065066502523864565, "test_average_precision_mean": 0.7857596883070844, "test_average_precision_std": 0.005543710876125486, "test_roc_auc_mean": 0.9137432515474776, "test_roc_auc_std": 0.003254623157757133, "test_accuracy_mean": 0.8595268111695951, "test_accuracy_std": 0.004025112295853613, "encoder": "JamesSteinEncoder", "data_id": 179, "data_name": "adult", "is_classification": true, "cv": 10}