{"fit_time_mean": 6.5030112028121945, "fit_time_std": 1.5923217174754984, "score_time_mean": 0.1173863410949707, "score_time_std": 0.026470191735735123, "test_average_precision_mean": 0.7864143730189012, "test_average_precision_std": 0.01021524841970478, "test_roc_auc_mean": 0.9137825286542594, "test_roc_auc_std": 0.0036344921707568444, "test_accuracy_mean": 0.8587280590351215, "test_accuracy_std": 0.004567123021100924, "encoder": "SKTargetEncoderCV", "data_id": 179, "data_name": "adult", "is_classification": true, "cv": "StratifiedKFold(n_splits=10, random_state=42, shuffle=True)"}