{"fit_time_mean": 0.7738306045532226, "fit_time_std": 0.0789899208019769, "score_time_mean": 0.06746413707733154, "score_time_std": 0.0070887227744481016, "test_average_precision_mean": 0.7849650070548158, "test_average_precision_std": 0.0064759441025107655, "test_roc_auc_mean": 0.9133315592359915, "test_roc_auc_std": 0.003518763234952112, "test_accuracy_mean": 0.859649640335413, "test_accuracy_std": 0.004951199805784817, "encoder": "SKOrdinalEncoder", "data_id": 179, "data_name": "adult", "is_classification": true, "cv": 10}