{"fit_time_mean": 21.71504201889038, "fit_time_std": 7.020981790677519, "score_time_mean": 0.1423787832260132, "score_time_std": 0.0373695578781247, "test_average_precision_mean": 0.9866215959013767, "test_average_precision_std": 0.0022292677675406344, "test_roc_auc_mean": 0.8611741381311926, "test_roc_auc_std": 0.018143072572322203, "test_accuracy_mean": 0.946321263417693, "test_accuracy_std": 0.0031600948738277424, "encoder": "SKTargetEncoderCV", "data_id": 4135, "data_name": "amazon_access", "is_classification": true, "cv": "StratifiedKFold(n_splits=10, random_state=42, shuffle=True)"}