{"fit_time_mean": 5.423141264915467, "fit_time_std": 1.7523953785103044, "score_time_mean": 0.1423893690109253, "score_time_std": 0.03026880680885296, "test_average_precision_mean": 0.9833506520476402, "test_average_precision_std": 0.0023974439693612236, "test_roc_auc_mean": 0.8305140735893712, "test_roc_auc_std": 0.019866478039614853, "test_accuracy_mean": 0.9393939537897426, "test_accuracy_std": 0.0014641528897163948, "encoder": "SKTargetEncoderBS", "data_id": 4135, "data_name": "amazon_access", "is_classification": true, "cv": "StratifiedKFold(n_splits=10, random_state=42, shuffle=True)"}