{"fit_time_mean": 2.8360084772109984, "fit_time_std": 0.5161798618103213, "score_time_mean": 0.11614272594451905, "score_time_std": 0.027800521592898288, "test_average_precision_mean": 0.9861291751291599, "test_average_precision_std": 0.00184848462042721, "test_roc_auc_mean": 0.8573461126799883, "test_roc_auc_std": 0.018118860100201604, "test_accuracy_mean": 0.9471756382497913, "test_accuracy_std": 0.0029983692049841398, "encoder": "JamesSteinEncoderCV", "data_id": 4135, "data_name": "amazon_access", "is_classification": true, "cv": "StratifiedKFold(n_splits=10, random_state=42, shuffle=True)"}