{"fit_time_mean": 2.4496046543121337, "fit_time_std": 0.4714100876382887, "score_time_mean": 0.3043736696243286, "score_time_std": 0.06677263996828016, "test_average_precision_mean": 0.9803636852662386, "test_average_precision_std": 0.002233214709975327, "test_roc_auc_mean": 0.8209381239293627, "test_roc_auc_std": 0.014929968616836315, "test_accuracy_mean": 0.9461992471299766, "test_accuracy_std": 0.002630480308922214, "encoder": "SKOrdinalEncoder", "data_id": 4135, "data_name": "amazon_access", "is_classification": true, "cv": "StratifiedKFold(n_splits=10, random_state=42, shuffle=True)"}