{"fit_time_mean": 0.975928521156311, "fit_time_std": 0.07332521759626076, "score_time_mean": 0.05032172203063965, "score_time_std": 0.005743994406031196, "test_average_precision_mean": 0.9866914046799813, "test_average_precision_std": 0.0011565689442765154, "test_roc_auc_mean": 0.861447846856468, "test_roc_auc_std": 0.011318810810853232, "test_accuracy_mean": 0.9467485020658654, "test_accuracy_std": 0.0024449448324011082, "encoder": "JamesSteinEncoderCV", "data_id": 4135, "data_name": "amazon_access", "is_classification": true, "cv": 10}