{"fit_time_mean": 6.043386816978455, "fit_time_std": 0.0773566749423747, "score_time_mean": 0.06453146934509277, "score_time_std": 0.005990032659481132, "test_average_precision_mean": 0.9866815927246677, "test_average_precision_std": 0.0018803507173794382, "test_roc_auc_mean": 0.8612688887738941, "test_roc_auc_std": 0.013188965092415404, "test_accuracy_mean": 0.9473283006621426, "test_accuracy_std": 0.0021142589894780845, "encoder": "SKTargetEncoderCV", "data_id": 4135, "data_name": "amazon_access", "is_classification": true, "cv": 10}