{"fit_time_mean": 1.4036761283874513, "fit_time_std": 0.04553414443878045, "score_time_mean": 0.06589574813842773, "score_time_std": 0.00648668828231067, "test_average_precision_mean": 0.9750838369654007, "test_average_precision_std": 0.004314835802371025, "test_roc_auc_mean": 0.7675699945302643, "test_roc_auc_std": 0.029951823722048312, "test_accuracy_mean": 0.9396076383183493, "test_accuracy_std": 0.003075699657235258, "encoder": "SKTargetEncoder", "data_id": 4135, "data_name": "amazon_access", "is_classification": true, "cv": 10}