{"fit_time_mean": 5.184288144111633, "fit_time_std": 1.6572312672201543, "score_time_mean": 0.14416840076446533, "score_time_std": 0.040742119676770217, "test_average_precision_mean": 0.9750362696586421, "test_average_precision_std": 0.004270797759334161, "test_roc_auc_mean": 0.7626683371008233, "test_roc_auc_std": 0.03106287121702737, "test_accuracy_mean": 0.9395769921937147, "test_accuracy_std": 0.0022186900357080955, "encoder": "SKTargetEncoder", "data_id": 4135, "data_name": "amazon_access", "is_classification": true, "cv": "StratifiedKFold(n_splits=10, random_state=42, shuffle=True)"}