{"fit_time_mean": 0.47642080783843993, "fit_time_std": 0.06914586713012143, "score_time_mean": 0.04794678688049316, "score_time_std": 0.005874531548983614, "test_average_precision_mean": 0.9752051619718621, "test_average_precision_std": 0.0036618749896123134, "test_roc_auc_mean": 0.7691643290132124, "test_roc_auc_std": 0.026525786284562997, "test_accuracy_mean": 0.9400959549723662, "test_accuracy_std": 0.004333353985826061, "encoder": "JamesSteinEncoder", "data_id": 4135, "data_name": "amazon_access", "is_classification": true, "cv": 10}