{"fit_time_mean": 0.9496019124984741, "fit_time_std": 0.16194104794183473, "score_time_mean": 0.09188590049743653, "score_time_std": 0.017649424255694476, "test_average_precision_mean": 0.9744699155369405, "test_average_precision_std": 0.0027640478780182284, "test_roc_auc_mean": 0.7599531452595658, "test_roc_auc_std": 0.02166232822311787, "test_accuracy_mean": 0.9400958338782568, "test_accuracy_std": 0.0021662900528980327, "encoder": "JamesSteinEncoder", "data_id": 4135, "data_name": "amazon_access", "is_classification": true, "cv": "StratifiedKFold(n_splits=10, random_state=42, shuffle=True)"}