{"fit_time_mean": 0.9482670545578002, "fit_time_std": 0.21453316236892092, "score_time_mean": 0.10161654949188233, "score_time_std": 0.012057698370957258, "test_average_precision_mean": 0.9813566047590261, "test_average_precision_std": 0.0024135190952495975, "test_roc_auc_mean": 0.8263433570649458, "test_roc_auc_std": 0.01634454458125562, "test_accuracy_mean": 0.9466874054301581, "test_accuracy_std": 0.002092591206166051, "encoder": "SKOrdinalEncoder", "data_id": 4135, "data_name": "amazon_access", "is_classification": true, "cv": 10}