{"fit_time_mean": 0.7411489248275757, "fit_time_std": 0.14140531934967024, "score_time_mean": 0.020003390312194825, "score_time_std": 0.004761541794567979, "test_neg_mean_squared_error_mean": -783059174.72195, "test_neg_mean_squared_error_std": 333729571.7555192, "test_r2_mean": 0.874498603658847, "test_r2_std": 0.05728905594277483, "encoder": "SKTargetEncoder", "data_id": 42165, "data_name": "ames", "is_classification": false, "cv": "KFold(n_splits=10, random_state=42, shuffle=True)"}