{"fit_time_mean": 0.5934458255767823, "fit_time_std": 0.10650288007663218, "score_time_mean": 0.01664600372314453, "score_time_std": 0.0037661655174661573, "test_neg_mean_squared_error_mean": -850458611.7736759, "test_neg_mean_squared_error_std": 375459312.988715, "test_r2_mean": 0.8616007278754594, "test_r2_std": 0.07064255869288147, "encoder": "SKOrdinalEncoder", "data_id": 42165, "data_name": "ames", "is_classification": false, "cv": "KFold(n_splits=10, random_state=42, shuffle=True)"}