{"fit_time_mean": 0.7582482814788818, "fit_time_std": 0.1661815854288961, "score_time_mean": 0.018752741813659667, "score_time_std": 0.00395942795122324, "test_neg_mean_squared_error_mean": -785600426.5382649, "test_neg_mean_squared_error_std": 323445854.2735846, "test_r2_mean": 0.8737911887243287, "test_r2_std": 0.0559633733854742, "encoder": "SKTargetEncoderBS", "data_id": 42165, "data_name": "ames", "is_classification": false, "cv": "KFold(n_splits=10, random_state=42, shuffle=True)"}