{"fit_time_mean": 1.5074431896209717, "fit_time_std": 0.2639444917731458, "score_time_mean": 0.09444530010223388, "score_time_std": 0.02991252182652931, "test_neg_mean_squared_error_mean": -799846204.533767, "test_neg_mean_squared_error_std": 336225621.26036084, "test_r2_mean": 0.871513820779706, "test_r2_std": 0.05855705398111431, "encoder": "JamesSteinEncoder", "data_id": 42165, "data_name": "ames", "is_classification": false, "cv": "KFold(n_splits=10, random_state=42, shuffle=True)"}