{"fit_time_mean": 0.5559891939163208, "fit_time_std": 0.046464921641295204, "score_time_mean": 0.03483562469482422, "score_time_std": 0.003925029313929357, "test_neg_mean_squared_error_mean": -772168311.5464511, "test_neg_mean_squared_error_std": 435053919.0077444, "test_r2_mean": 0.8822964552792492, "test_r2_std": 0.04683858750962333, "encoder": "JamesSteinEncoder", "data_id": 42165, "data_name": "ames", "is_classification": false, "cv": 10}