{"fit_time_mean": 0.3957191228866577, "fit_time_std": 0.11081882449839953, "score_time_mean": 0.004607367515563965, "score_time_std": 0.0007497676017407566, "test_neg_mean_squared_error_mean": -909371415.0738474, "test_neg_mean_squared_error_std": 418250149.4003088, "test_r2_mean": 0.8534597517868237, "test_r2_std": 0.07466984662305148, "encoder": "drop", "data_id": 42165, "data_name": "ames", "is_classification": false, "cv": "KFold(n_splits=10, random_state=42, shuffle=True)"}