{"fit_time_mean": 0.5612464666366577, "fit_time_std": 0.0791297381928857, "score_time_mean": 0.008768224716186523, "score_time_std": 0.0013104637899038838, "test_neg_mean_squared_error_mean": -753808999.6921499, "test_neg_mean_squared_error_std": 392408314.86700344, "test_r2_mean": 0.8845543646196703, "test_r2_std": 0.040359668813465574, "encoder": "SKTargetEncoderCV", "data_id": 42165, "data_name": "ames", "is_classification": false, "cv": 10}