{"fit_time_mean": 0.32117605209350586, "fit_time_std": 0.04180073616866052, "score_time_mean": 0.008519268035888672, "score_time_std": 0.0012277656642544828, "test_neg_mean_squared_error_mean": -768774066.081771, "test_neg_mean_squared_error_std": 414063735.0467713, "test_r2_mean": 0.8823762495282285, "test_r2_std": 0.04414906152098614, "encoder": "SKTargetEncoder", "data_id": 42165, "data_name": "ames", "is_classification": false, "cv": 10}