{"fit_time_mean": 5.3920848846435545, "fit_time_std": 1.2271679204366883, "score_time_mean": 0.08960208892822266, "score_time_std": 0.027824683910956865, "test_neg_mean_squared_error_mean": -787059769.6648109, "test_neg_mean_squared_error_std": 323356720.21707577, "test_r2_mean": 0.8738540098436959, "test_r2_std": 0.05449905164055063, "encoder": "JamesSteinEncoderCV", "data_id": 42165, "data_name": "ames", "is_classification": false, "cv": "KFold(n_splits=10, random_state=42, shuffle=True)"}