{"fit_time_mean": 0.17823867797851561, "fit_time_std": 0.05251511087240945, "score_time_mean": 0.0023468494415283202, "score_time_std": 0.000427549852376355, "test_neg_mean_squared_error_mean": -881963724.8242152, "test_neg_mean_squared_error_std": 433588740.4123354, "test_r2_mean": 0.8639232968318632, "test_r2_std": 0.044287609397735794, "encoder": "drop", "data_id": 42165, "data_name": "ames", "is_classification": false, "cv": 10}