{"fit_time_mean": 1.9267011880874634, "fit_time_std": 0.08485516837312368, "score_time_mean": 0.03937451839447022, "score_time_std": 0.0064842648667356746, "test_neg_mean_squared_error_mean": -776136753.8774854, "test_neg_mean_squared_error_std": 421876643.90657234, "test_r2_mean": 0.8814189721410994, "test_r2_std": 0.045449503168753125, "encoder": "JamesSteinEncoderCV", "data_id": 42165, "data_name": "ames", "is_classification": false, "cv": 10}