{"fit_time_mean": 1.467865228652954, "fit_time_std": 0.28050218934348004, "score_time_mean": 0.02072739601135254, "score_time_std": 0.005389878928586016, "test_neg_mean_squared_error_mean": -772198144.9313295, "test_neg_mean_squared_error_std": 309029757.621544, "test_r2_mean": 0.8758527665152156, "test_r2_std": 0.05308615890019787, "encoder": "SKTargetEncoderCV", "data_id": 42165, "data_name": "ames", "is_classification": false, "cv": "KFold(n_splits=10, random_state=42, shuffle=True)"}