{"fit_time_mean": 0.24642107486724854, "fit_time_std": 0.04388129318222872, "score_time_mean": 0.0061520814895629885, "score_time_std": 0.0004769358300399879, "test_neg_mean_squared_error_mean": -823453851.8448424, "test_neg_mean_squared_error_std": 409601188.40015924, "test_r2_mean": 0.8725736943034452, "test_r2_std": 0.04357227580495392, "encoder": "SKOrdinalEncoder", "data_id": 42165, "data_name": "ames", "is_classification": false, "cv": 10}