{"fit_time_mean": 1.0997446060180665, "fit_time_std": 0.19056904721784404, "score_time_mean": 0.05044322013854981, "score_time_std": 0.011931515557516805, "test_average_precision_mean": 0.8791207843745502, "test_average_precision_std": 0.02712020297734265, "test_roc_auc_mean": 0.9189680514921262, "test_roc_auc_std": 0.02397466260682678, "test_accuracy_mean": 0.9614, "test_accuracy_std": 0.005730619512757766, "encoder": "JamesSteinEncoderCV", "data_id": 40701, "data_name": "churn", "is_classification": true, "cv": "StratifiedKFold(n_splits=10, random_state=42, shuffle=True)"}