{"fit_time_mean": 0.3081191062927246, "fit_time_std": 0.07952063932249741, "score_time_mean": 0.008891963958740234, "score_time_std": 0.001068944865345886, "test_average_precision_mean": 0.8797991825300088, "test_average_precision_std": 0.04130995134553872, "test_roc_auc_mean": 0.9236211139008386, "test_roc_auc_std": 0.030975653843022238, "test_accuracy_mean": 0.9583999999999999, "test_accuracy_std": 0.009414881836751864, "encoder": "SKTargetEncoderCV", "data_id": 40701, "data_name": "churn", "is_classification": true, "cv": 10}