{"fit_time_mean": 0.2310542345046997, "fit_time_std": 0.05067206099639033, "score_time_mean": 0.010916185379028321, "score_time_std": 0.002376324194433747, "test_average_precision_mean": 0.5678850686565744, "test_average_precision_std": 0.057613461724151285, "test_roc_auc_mean": 0.7624769567150832, "test_roc_auc_std": 0.0400361823821394, "test_accuracy_mean": 0.9040000000000001, "test_accuracy_std": 0.007483314773547889, "encoder": "drop", "data_id": 40701, "data_name": "churn", "is_classification": true, "cv": "StratifiedKFold(n_splits=10, random_state=42, shuffle=True)"}