{"fit_time_mean": 0.40459768772125243, "fit_time_std": 0.0768629142728663, "score_time_mean": 0.024990129470825195, "score_time_std": 0.004499684924597782, "test_average_precision_mean": 0.8799100291430454, "test_average_precision_std": 0.028273855623001543, "test_roc_auc_mean": 0.9185947959672165, "test_roc_auc_std": 0.026933956416995995, "test_accuracy_mean": 0.9608000000000001, "test_accuracy_std": 0.005306599664568644, "encoder": "SKOrdinalEncoder", "data_id": 40701, "data_name": "churn", "is_classification": true, "cv": "StratifiedKFold(n_splits=10, random_state=42, shuffle=True)"}