{"fit_time_mean": 0.2031705617904663, "fit_time_std": 0.05046778159772263, "score_time_mean": 0.01126086711883545, "score_time_std": 0.0007446892493092165, "test_average_precision_mean": 0.8758994801678093, "test_average_precision_std": 0.04144406222857903, "test_roc_auc_mean": 0.9174050420591527, "test_roc_auc_std": 0.028876547304134362, "test_accuracy_mean": 0.959, "test_accuracy_std": 0.009305912099305482, "encoder": "SKOrdinalEncoder", "data_id": 40701, "data_name": "churn", "is_classification": true, "cv": 10}