{"fit_time_mean": 0.22556917667388915, "fit_time_std": 0.02378829671874657, "score_time_mean": 0.009284734725952148, "score_time_std": 0.0009411525439308645, "test_average_precision_mean": 0.8766487325470207, "test_average_precision_std": 0.044649910448452027, "test_roc_auc_mean": 0.9175884467099665, "test_roc_auc_std": 0.034642468097069314, "test_accuracy_mean": 0.9602, "test_accuracy_std": 0.009977975746613146, "encoder": "SKTargetEncoder", "data_id": 40701, "data_name": "churn", "is_classification": true, "cv": 10}