{"fit_time_mean": 0.4614084005355835, "fit_time_std": 0.11772994334227047, "score_time_mean": 0.018601346015930175, "score_time_std": 0.004880269108159275, "test_average_precision_mean": 0.8799972238680145, "test_average_precision_std": 0.027708372627525086, "test_roc_auc_mean": 0.9170525481724303, "test_roc_auc_std": 0.026751172929672166, "test_accuracy_mean": 0.9620000000000001, "test_accuracy_std": 0.0068702256149270734, "encoder": "SKTargetEncoderBS", "data_id": 40701, "data_name": "churn", "is_classification": true, "cv": "StratifiedKFold(n_splits=10, random_state=42, shuffle=True)"}