{"fit_time_mean": 0.19795734882354737, "fit_time_std": 0.033965103686842545, "score_time_mean": 0.007144570350646973, "score_time_std": 0.0009587263063084416, "test_average_precision_mean": 0.5736696032457208, "test_average_precision_std": 0.05230872257391452, "test_roc_auc_mean": 0.7698650984347022, "test_roc_auc_std": 0.040547390435715425, "test_accuracy_mean": 0.9012, "test_accuracy_std": 0.008908422980528043, "encoder": "drop", "data_id": 40701, "data_name": "churn", "is_classification": true, "cv": 10}