{"fit_time_mean": 0.37055492401123047, "fit_time_std": 0.06263503930045286, "score_time_mean": 0.016962170600891113, "score_time_std": 0.003654785446561961, "test_average_precision_mean": 0.8797625652431227, "test_average_precision_std": 0.027527564964739595, "test_roc_auc_mean": 0.9188037067201824, "test_roc_auc_std": 0.026849210847061246, "test_accuracy_mean": 0.9598000000000001, "test_accuracy_std": 0.0069541354602854905, "encoder": "SKTargetEncoder", "data_id": 40701, "data_name": "churn", "is_classification": true, "cv": "StratifiedKFold(n_splits=10, random_state=42, shuffle=True)"}