{"fit_time_mean": 0.5158461332321167, "fit_time_std": 0.08178225169532607, "score_time_mean": 0.05279257297515869, "score_time_std": 0.011653316800663381, "test_average_precision_mean": 0.8797625652431227, "test_average_precision_std": 0.027527564964739595, "test_roc_auc_mean": 0.9188037067201824, "test_roc_auc_std": 0.026849210847061246, "test_accuracy_mean": 0.9598000000000001, "test_accuracy_std": 0.0069541354602854905, "encoder": "JamesSteinEncoder", "data_id": 40701, "data_name": "churn", "is_classification": true, "cv": "StratifiedKFold(n_splits=10, random_state=42, shuffle=True)"}