{"fit_time_mean": 0.2627377986907959, "fit_time_std": 0.03480352069194377, "score_time_mean": 0.021689963340759278, "score_time_std": 0.0027700520913712624, "test_average_precision_mean": 0.8764916872229447, "test_average_precision_std": 0.04438000718345697, "test_roc_auc_mean": 0.9177016715133322, "test_roc_auc_std": 0.03433936594980822, "test_accuracy_mean": 0.9591999999999998, "test_accuracy_std": 0.00904212364436586, "encoder": "JamesSteinEncoder", "data_id": 40701, "data_name": "churn", "is_classification": true, "cv": 10}