{"fit_time_mean": 0.5561304807662963, "fit_time_std": 0.09475403451396287, "score_time_mean": 0.018145155906677247, "score_time_std": 0.0022792003006824975, "test_average_precision_mean": 0.8778194548208811, "test_average_precision_std": 0.028469083572187394, "test_roc_auc_mean": 0.9163731663030713, "test_roc_auc_std": 0.02718205654482454, "test_accuracy_mean": 0.961, "test_accuracy_std": 0.005882176467941103, "encoder": "SKTargetEncoderCV", "data_id": 40701, "data_name": "churn", "is_classification": true, "cv": "StratifiedKFold(n_splits=10, random_state=42, shuffle=True)"}