{"fit_time_mean": 0.45990948677062987, "fit_time_std": 0.05693931229795948, "score_time_mean": 0.02032780647277832, "score_time_std": 0.0013267803619198965, "test_average_precision_mean": 0.8807162561522326, "test_average_precision_std": 0.04017127188286283, "test_roc_auc_mean": 0.9236571802474194, "test_roc_auc_std": 0.030408205809791325, "test_accuracy_mean": 0.9594000000000001, "test_accuracy_std": 0.010160708636704438, "encoder": "JamesSteinEncoderCV", "data_id": 40701, "data_name": "churn", "is_classification": true, "cv": 10}