{"fit_time_mean": 0.10327401161193847, "fit_time_std": 0.02166825672852861, "score_time_mean": 0.015856099128723145, "score_time_std": 0.0033326819769834, "test_average_precision_mean": 0.5946977027726575, "test_average_precision_std": 0.06658907167889944, "test_roc_auc_mean": 0.6256157635467979, "test_roc_auc_std": 0.06752842369450965, "test_accuracy_mean": 0.6239999999999999, "test_accuracy_std": 0.057131427428342804, "encoder": "SKTargetEncoderBS", "data_id": 23381, "data_name": "dresses_sales", "is_classification": true, "cv": "StratifiedKFold(n_splits=10, random_state=42, shuffle=True)"}