{"fit_time_mean": 1.629330325126648, "fit_time_std": 0.32099402803733196, "score_time_mean": 0.09397547245025635, "score_time_std": 0.020079928451772866, "test_average_precision_mean": 0.5723229673009196, "test_average_precision_std": 0.060112241650016204, "test_roc_auc_mean": 0.6087027914614122, "test_roc_auc_std": 0.06914629524112119, "test_accuracy_mean": 0.6, "test_accuracy_std": 0.04289522117905444, "encoder": "JamesSteinEncoderCV", "data_id": 23381, "data_name": "dresses_sales", "is_classification": true, "cv": "StratifiedKFold(n_splits=10, random_state=42, shuffle=True)"}