{"fit_time_mean": 0.16979632377624512, "fit_time_std": 0.03329435297782652, "score_time_mean": 0.04001457691192627, "score_time_std": 0.007160417179367321, "test_average_precision_mean": 0.5446946480700762, "test_average_precision_std": 0.07683647246603406, "test_roc_auc_mean": 0.6114942528735631, "test_roc_auc_std": 0.06215144692116186, "test_accuracy_mean": 0.586, "test_accuracy_std": 0.07269112738154498, "encoder": "JamesSteinEncoder", "data_id": 23381, "data_name": "dresses_sales", "is_classification": true, "cv": 10}