{"fit_time_mean": 0.05230855941772461, "fit_time_std": 0.01154727320546, "score_time_mean": 0.011651134490966797, "score_time_std": 0.002440594672839797, "test_average_precision_mean": 0.47961983088726895, "test_average_precision_std": 0.0568635127142169, "test_roc_auc_mean": 0.5243021346469623, "test_roc_auc_std": 0.07111002332126552, "test_accuracy_mean": 0.5840000000000001, "test_accuracy_std": 0.05122499389946279, "encoder": "SKOrdinalEncoder", "data_id": 23381, "data_name": "dresses_sales", "is_classification": true, "cv": 10}