{"fit_time_mean": 0.04383885860443115, "fit_time_std": 0.015384215672852785, "score_time_mean": 0.003962659835815429, "score_time_std": 0.0009579948142739731, "test_average_precision_mean": 0.4379565560328462, "test_average_precision_std": 0.0467496504764868, "test_roc_auc_mean": 0.48448275862068957, "test_roc_auc_std": 0.061607490759658164, "test_accuracy_mean": 0.5599999999999999, "test_accuracy_std": 0.04098780306383838, "encoder": "drop", "data_id": 23381, "data_name": "dresses_sales", "is_classification": true, "cv": 10}