{"fit_time_mean": 0.3135602712631226, "fit_time_std": 0.062188917589985855, "score_time_mean": 0.016743850708007813, "score_time_std": 0.003608034970887296, "test_average_precision_mean": 0.576065206932215, "test_average_precision_std": 0.07836561847493245, "test_roc_auc_mean": 0.6155993431855501, "test_roc_auc_std": 0.0674453220831739, "test_accuracy_mean": 0.6180000000000001, "test_accuracy_std": 0.05963220606350228, "encoder": "SKTargetEncoderCV", "data_id": 23381, "data_name": "dresses_sales", "is_classification": true, "cv": "StratifiedKFold(n_splits=10, random_state=42, shuffle=True)"}