{"fit_time_mean": 0.09578607082366944, "fit_time_std": 0.017853488053123482, "score_time_mean": 0.025629568099975585, "score_time_std": 0.00505712472121751, "test_average_precision_mean": 0.5317212126886128, "test_average_precision_std": 0.044603957267182845, "test_roc_auc_mean": 0.5639573070607552, "test_roc_auc_std": 0.06999625591883989, "test_accuracy_mean": 0.5820000000000001, "test_accuracy_std": 0.035156791662493886, "encoder": "SKOrdinalEncoder", "data_id": 23381, "data_name": "dresses_sales", "is_classification": true, "cv": "StratifiedKFold(n_splits=10, random_state=42, shuffle=True)"}