{"fit_time_mean": 0.07271153926849365, "fit_time_std": 0.04214615466380857, "score_time_mean": 0.00594487190246582, "score_time_std": 0.001622164407414495, "test_average_precision_mean": 0.4585089583596436, "test_average_precision_std": 0.07709794143612614, "test_roc_auc_mean": 0.5254515599343186, "test_roc_auc_std": 0.10928734230842815, "test_accuracy_mean": 0.5520000000000002, "test_accuracy_std": 0.043081318457076016, "encoder": "drop", "data_id": 23381, "data_name": "dresses_sales", "is_classification": true, "cv": "StratifiedKFold(n_splits=10, random_state=42, shuffle=True)"}