{"fit_time_mean": 0.3659003257751465, "fit_time_std": 0.0796267522161399, "score_time_mean": 0.08919482231140137, "score_time_std": 0.021581856347385863, "test_average_precision_mean": 0.5658079394078765, "test_average_precision_std": 0.06276106584485576, "test_roc_auc_mean": 0.598440065681445, "test_roc_auc_std": 0.05598410132739028, "test_accuracy_mean": 0.5920000000000001, "test_accuracy_std": 0.03370459909270542, "encoder": "JamesSteinEncoder", "data_id": 23381, "data_name": "dresses_sales", "is_classification": true, "cv": "StratifiedKFold(n_splits=10, random_state=42, shuffle=True)"}