{"fit_time_mean": 0.5912884712219239, "fit_time_std": 0.03390792446204494, "score_time_mean": 0.03497166633605957, "score_time_std": 0.0037061359035339032, "test_average_precision_mean": 0.5600343417016087, "test_average_precision_std": 0.05038183879026747, "test_roc_auc_mean": 0.5947454844006568, "test_roc_auc_std": 0.07206574609676793, "test_accuracy_mean": 0.588, "test_accuracy_std": 0.0515363949069005, "encoder": "JamesSteinEncoderCV", "data_id": 23381, "data_name": "dresses_sales", "is_classification": true, "cv": 10}