{"fit_time_mean": 0.06343543529510498, "fit_time_std": 0.012496417842043249, "score_time_mean": 0.007425546646118164, "score_time_std": 0.0009642040745079119, "test_average_precision_mean": 0.555695056956574, "test_average_precision_std": 0.08130431452707641, "test_roc_auc_mean": 0.6122331691297209, "test_roc_auc_std": 0.06478456830566534, "test_accuracy_mean": 0.584, "test_accuracy_std": 0.061188234163113406, "encoder": "SKTargetEncoder", "data_id": 23381, "data_name": "dresses_sales", "is_classification": true, "cv": 10}