{"fit_time_mean": 0.11692790985107422, "fit_time_std": 0.027817872314254755, "score_time_mean": 0.015328097343444824, "score_time_std": 0.003533977956782585, "test_average_precision_mean": 0.5594912333801224, "test_average_precision_std": 0.06281028245101379, "test_roc_auc_mean": 0.6015599343185549, "test_roc_auc_std": 0.0674715520931724, "test_accuracy_mean": 0.602, "test_accuracy_std": 0.043312815655415414, "encoder": "SKTargetEncoder", "data_id": 23381, "data_name": "dresses_sales", "is_classification": true, "cv": "StratifiedKFold(n_splits=10, random_state=42, shuffle=True)"}