{"fit_time_mean": 0.14376392364501953, "fit_time_std": 0.025208307812721494, "score_time_mean": 0.0070132255554199215, "score_time_std": 0.001019533863259249, "test_average_precision_mean": 0.5770153727913911, "test_average_precision_std": 0.10155423938164955, "test_roc_auc_mean": 0.6141215106732347, "test_roc_auc_std": 0.10008072108545399, "test_accuracy_mean": 0.6160000000000001, "test_accuracy_std": 0.05043808085167395, "encoder": "SKTargetEncoderCV", "data_id": 23381, "data_name": "dresses_sales", "is_classification": true, "cv": 10}