{"fit_time_mean": 8.417746639251709, "fit_time_std": 2.194336472113689, "score_time_mean": 0.21827783584594726, "score_time_std": 0.05025639725999957, "test_average_precision_mean": 0.4916488102569908, "test_average_precision_std": 0.015996309238992968, "test_roc_auc_mean": 0.7764888804945138, "test_roc_auc_std": 0.009646383657216354, "test_accuracy_mean": 0.9020593806777647, "test_accuracy_std": 0.0017609938187702874, "encoder": "SKTargetEncoderBS", "data_id": 41162, "data_name": "kicks", "is_classification": true, "cv": "StratifiedKFold(n_splits=10, random_state=42, shuffle=True)"}