{"fit_time_mean": 1.6906842470169068, "fit_time_std": 0.18110349178129026, "score_time_mean": 0.123703932762146, "score_time_std": 0.0068553313890065675, "test_average_precision_mean": 0.3633573919366132, "test_average_precision_std": 0.1070104481012932, "test_roc_auc_mean": 0.6902805842200312, "test_roc_auc_std": 0.06874716438570197, "test_accuracy_mean": 0.8614324253565483, "test_accuracy_std": 0.040588136554189906, "encoder": "SKOrdinalEncoder", "data_id": 41162, "data_name": "kicks", "is_classification": true, "cv": 10}