{"fit_time_mean": 28.521187043190004, "fit_time_std": 8.781161570541332, "score_time_mean": 0.22656559944152832, "score_time_std": 0.06118599662333202, "test_average_precision_mean": 0.4769925346874156, "test_average_precision_std": 0.01797781571673166, "test_roc_auc_mean": 0.7726332613873328, "test_roc_auc_std": 0.011519859896972646, "test_accuracy_mean": 0.8996615479184898, "test_accuracy_std": 0.0017620249239462715, "encoder": "SKTargetEncoderCV", "data_id": 41162, "data_name": "kicks", "is_classification": true, "cv": "StratifiedKFold(n_splits=10, random_state=42, shuffle=True)"}