{"fit_time_mean": 2.795139455795288, "fit_time_std": 0.24972317258977286, "score_time_mean": 0.10743684768676758, "score_time_std": 0.00959685599112905, "test_average_precision_mean": 0.25233911190104863, "test_average_precision_std": 0.11974911267352067, "test_roc_auc_mean": 0.6119205729873058, "test_roc_auc_std": 0.09146506580701706, "test_accuracy_mean": 0.7904994869162036, "test_accuracy_std": 0.10847586607996046, "encoder": "SKTargetEncoder", "data_id": 41162, "data_name": "kicks", "is_classification": true, "cv": 10}