{"fit_time_mean": 2.8582836627960204, "fit_time_std": 0.20672728176513677, "score_time_mean": 0.11704916954040527, "score_time_std": 0.005626835651950043, "test_average_precision_mean": 0.42109871371067636, "test_average_precision_std": 0.12830581482911219, "test_roc_auc_mean": 0.7428013304248822, "test_roc_auc_std": 0.06094049352554547, "test_accuracy_mean": 0.8924408551293981, "test_accuracy_std": 0.017922254104925553, "encoder": "JamesSteinEncoderCV", "data_id": 41162, "data_name": "kicks", "is_classification": true, "cv": 10}