{"fit_time_mean": 3.3182199478149412, "fit_time_std": 0.5522767370027232, "score_time_mean": 0.2815689563751221, "score_time_std": 0.0707866901048688, "test_average_precision_mean": 0.47887940750808156, "test_average_precision_std": 0.014095060729651318, "test_roc_auc_mean": 0.761927822758462, "test_roc_auc_std": 0.00902368039983184, "test_accuracy_mean": 0.8996478549207554, "test_accuracy_std": 0.0016102854345658754, "encoder": "JamesSteinEncoder", "data_id": 41162, "data_name": "kicks", "is_classification": true, "cv": "StratifiedKFold(n_splits=10, random_state=42, shuffle=True)"}