{"fit_time_mean": 3.7918331146240236, "fit_time_std": 0.5686064517430447, "score_time_mean": 0.2973184108734131, "score_time_std": 0.06537307429662546, "test_average_precision_mean": 0.49782502527640143, "test_average_precision_std": 0.01810141624825677, "test_roc_auc_mean": 0.7789247625675759, "test_roc_auc_std": 0.0097564219882478, "test_accuracy_mean": 0.90294999247392, "test_accuracy_std": 0.0019040012459127815, "encoder": "SKOrdinalEncoder", "data_id": 41162, "data_name": "kicks", "is_classification": true, "cv": "StratifiedKFold(n_splits=10, random_state=42, shuffle=True)"}