{"fit_time_mean": 1.48579580783844, "fit_time_std": 0.25581032890993455, "score_time_mean": 0.11470167636871338, "score_time_std": 0.004032179113930566, "test_average_precision_mean": 0.25080102280100525, "test_average_precision_std": 0.12054357820692435, "test_roc_auc_mean": 0.6087155813504499, "test_roc_auc_std": 0.09194702533970686, "test_accuracy_mean": 0.7887592428204031, "test_accuracy_std": 0.10925868960878887, "encoder": "JamesSteinEncoder", "data_id": 41162, "data_name": "kicks", "is_classification": true, "cv": 10}