{"fit_time_mean": 6.7374412536621096, "fit_time_std": 1.299457112901864, "score_time_mean": 0.2699353933334351, "score_time_std": 0.06812316124417629, "test_average_precision_mean": 0.47473127041713636, "test_average_precision_std": 0.015769602632999268, "test_roc_auc_mean": 0.7724037676788627, "test_roc_auc_std": 0.0105792659180125, "test_accuracy_mean": 0.8993053103337528, "test_accuracy_std": 0.001674556084313352, "encoder": "JamesSteinEncoderCV", "data_id": 41162, "data_name": "kicks", "is_classification": true, "cv": "StratifiedKFold(n_splits=10, random_state=42, shuffle=True)"}