{"fit_time_mean": 8.19491786956787, "fit_time_std": 2.2465021893893033, "score_time_mean": 0.2232494831085205, "score_time_std": 0.05117946268927794, "test_average_precision_mean": 0.47899293483699035, "test_average_precision_std": 0.014359455074677388, "test_roc_auc_mean": 0.7617043105602137, "test_roc_auc_std": 0.009476105600607023, "test_accuracy_mean": 0.8994971568538335, "test_accuracy_std": 0.0016101376329513153, "encoder": "SKTargetEncoder", "data_id": 41162, "data_name": "kicks", "is_classification": true, "cv": "StratifiedKFold(n_splits=10, random_state=42, shuffle=True)"}