{"fit_time_mean": 0.8558792352676392, "fit_time_std": 0.23928735075483779, "score_time_mean": 0.049391436576843264, "score_time_std": 0.013449681335632424, "test_average_precision_mean": 0.24398627315450921, "test_average_precision_std": 0.017135801146434936, "test_roc_auc_mean": 0.6847046151496989, "test_roc_auc_std": 0.015378081740796423, "test_accuracy_mean": 0.8772042563108405, "test_accuracy_std": 0.0009963312358107477, "encoder": "drop", "data_id": 41162, "data_name": "kicks", "is_classification": true, "cv": 10}