{"fit_time_mean": 1.8063289642333984, "fit_time_std": 0.41188515093630507, "score_time_mean": 0.08412444591522217, "score_time_std": 0.016601801448004407, "test_average_precision_mean": 0.25717535804962377, "test_average_precision_std": 0.011174347481366335, "test_roc_auc_mean": 0.6985648099989468, "test_roc_auc_std": 0.006843389996754774, "test_accuracy_mean": 0.87772496380667, "test_accuracy_std": 0.00047957823775514644, "encoder": "drop", "data_id": 41162, "data_name": "kicks", "is_classification": true, "cv": "StratifiedKFold(n_splits=10, random_state=42, shuffle=True)"}