{"fit_time_mean": 8.03506579399109, "fit_time_std": 0.5770803075932553, "score_time_mean": 0.10787751674652099, "score_time_std": 0.015173862059343, "test_average_precision_mean": 0.42596598602765745, "test_average_precision_std": 0.12055599705721914, "test_roc_auc_mean": 0.7409168100952191, "test_roc_auc_std": 0.05397650948419457, "test_accuracy_mean": 0.8953594385623127, "test_accuracy_std": 0.01624649736469003, "encoder": "SKTargetEncoderCV", "data_id": 41162, "data_name": "kicks", "is_classification": true, "cv": 10}