{"fit_time_mean": 4.648200869560242, "fit_time_std": 1.1456119437347259, "score_time_mean": 0.08461809158325195, "score_time_std": 0.022963761255558587, "test_average_precision_mean": 0.9950489479528409, "test_average_precision_std": 0.0011123444299274772, "test_roc_auc_mean": 0.9939674735408719, "test_roc_auc_std": 0.0012271809367574989, "test_accuracy_mean": 0.9587519331004067, "test_accuracy_std": 0.0031352700311874553, "encoder": "SKTargetEncoderCV", "data_id": 4534, "data_name": "phishing_websites", "is_classification": true, "cv": "StratifiedKFold(n_splits=10, random_state=42, shuffle=True)"}