{"fit_time_mean": 2.1148585796356203, "fit_time_std": 0.3002095437389885, "score_time_mean": 0.13537909984588622, "score_time_std": 0.03150803615715279, "test_average_precision_mean": 0.9971963683874412, "test_average_precision_std": 0.0008001710082486693, "test_roc_auc_mean": 0.9967479217495455, "test_roc_auc_std": 0.0007149638741189979, "test_accuracy_mean": 0.9712344022321684, "test_accuracy_std": 0.0034529837261026877, "encoder": "SKOrdinalEncoder", "data_id": 4534, "data_name": "phishing_websites", "is_classification": true, "cv": "StratifiedKFold(n_splits=10, random_state=42, shuffle=True)"}