{"fit_time_mean": 2.311736011505127, "fit_time_std": 0.4160462167997825, "score_time_mean": 0.08713903427124023, "score_time_std": 0.017013791299076812, "test_average_precision_mean": 0.9975331139512911, "test_average_precision_std": 0.000499395419934729, "test_roc_auc_mean": 0.9970031081285254, "test_roc_auc_std": 0.0005379522753842262, "test_accuracy_mean": 0.9718679682194201, "test_accuracy_std": 0.0025078883949983897, "encoder": "SKTargetEncoderBS", "data_id": 4534, "data_name": "phishing_websites", "is_classification": true, "cv": "StratifiedKFold(n_splits=10, random_state=42, shuffle=True)"}