{"fit_time_mean": 6.458756637573242, "fit_time_std": 1.4624388060207207, "score_time_mean": 0.30516345500946046, "score_time_std": 0.08454826758545275, "test_average_precision_mean": 0.9950681102177686, "test_average_precision_std": 0.0011368510555686707, "test_roc_auc_mean": 0.9939936463476569, "test_roc_auc_std": 0.0012556181826124911, "test_accuracy_mean": 0.9591135967532096, "test_accuracy_std": 0.0033782898254155515, "encoder": "JamesSteinEncoderCV", "data_id": 4534, "data_name": "phishing_websites", "is_classification": true, "cv": "StratifiedKFold(n_splits=10, random_state=42, shuffle=True)"}