{"fit_time_mean": 2.4079869031906127, "fit_time_std": 0.4162911638925734, "score_time_mean": 0.0888751745223999, "score_time_std": 0.016556972689757796, "test_average_precision_mean": 0.9973722351777221, "test_average_precision_std": 0.00070705295393584, "test_roc_auc_mean": 0.9968810296102404, "test_roc_auc_std": 0.0006404085968483426, "test_accuracy_mean": 0.9720492909919566, "test_accuracy_std": 0.0032943556147724653, "encoder": "SKTargetEncoder", "data_id": 4534, "data_name": "phishing_websites", "is_classification": true, "cv": "StratifiedKFold(n_splits=10, random_state=42, shuffle=True)"}