{"fit_time_mean": 1.5259032011032105, "fit_time_std": 0.13556291241779542, "score_time_mean": 0.034281039237976076, "score_time_std": 0.0035630431564963117, "test_average_precision_mean": 0.9916081691703834, "test_average_precision_std": 0.005775124420316064, "test_roc_auc_mean": 0.9899995563215735, "test_roc_auc_std": 0.006370477122255974, "test_accuracy_mean": 0.9479854025349186, "test_accuracy_std": 0.01323430119772295, "encoder": "SKTargetEncoderCV", "data_id": 4534, "data_name": "phishing_websites", "is_classification": true, "cv": 10}