{"fit_time_mean": 1.1498464822769165, "fit_time_std": 0.15358479505410522, "score_time_mean": 0.11728858947753906, "score_time_std": 0.006805357730959791, "test_average_precision_mean": 0.9972124782789991, "test_average_precision_std": 0.0021956973062712977, "test_roc_auc_mean": 0.9966334059955575, "test_roc_auc_std": 0.002612248542126289, "test_accuracy_mean": 0.9710502156071776, "test_accuracy_std": 0.01066007385154287, "encoder": "JamesSteinEncoder", "data_id": 4534, "data_name": "phishing_websites", "is_classification": true, "cv": 10}