{"fit_time_mean": 2.392819046974182, "fit_time_std": 0.0777601029759262, "score_time_mean": 0.11659669876098633, "score_time_std": 0.008959510553555568, "test_average_precision_mean": 0.9916087271777286, "test_average_precision_std": 0.005778461330353381, "test_roc_auc_mean": 0.9900114810154296, "test_roc_auc_std": 0.0063812461498476405, "test_accuracy_mean": 0.9485278161897671, "test_accuracy_std": 0.013249015923901116, "encoder": "JamesSteinEncoderCV", "data_id": 4534, "data_name": "phishing_websites", "is_classification": true, "cv": 10}