{"fit_time_mean": 1.1151764154434205, "fit_time_std": 0.1718408294260799, "score_time_mean": 0.04052183628082275, "score_time_std": 0.006366802951097573, "test_average_precision_mean": 0.9972124782789991, "test_average_precision_std": 0.0021956973062712977, "test_roc_auc_mean": 0.9966334059955575, "test_roc_auc_std": 0.002612248542126289, "test_accuracy_mean": 0.9710502156071776, "test_accuracy_std": 0.01066007385154287, "encoder": "SKTargetEncoder", "data_id": 4534, "data_name": "phishing_websites", "is_classification": true, "cv": 10}