{"fit_time_mean": 0.8155100107192993, "fit_time_std": 0.08436874722706655, "score_time_mean": 0.05324435234069824, "score_time_std": 0.0051228334397078416, "test_average_precision_mean": 0.9969951752115032, "test_average_precision_std": 0.002355054147860176, "test_roc_auc_mean": 0.9964235477655017, "test_roc_auc_std": 0.0026825771796079355, "test_accuracy_mean": 0.9710507065533127, "test_accuracy_std": 0.009462625585136462, "encoder": "SKOrdinalEncoder", "data_id": 4534, "data_name": "phishing_websites", "is_classification": true, "cv": 10}