{"fit_time_mean": 2.692092490196228, "fit_time_std": 0.4772394595212757, "score_time_mean": 0.2863065958023071, "score_time_std": 0.07451311171048249, "test_average_precision_mean": 0.9973722351777221, "test_average_precision_std": 0.00070705295393584, "test_roc_auc_mean": 0.9968810296102404, "test_roc_auc_std": 0.0006404085968483426, "test_accuracy_mean": 0.9720492909919566, "test_accuracy_std": 0.0032943556147724653, "encoder": "JamesSteinEncoder", "data_id": 4534, "data_name": "phishing_websites", "is_classification": true, "cv": "StratifiedKFold(n_splits=10, random_state=42, shuffle=True)"}