{"fit_time_mean": 34.5436155796051, "fit_time_std": 2.046479270881382, "score_time_mean": 0.3279715061187744, "score_time_std": 0.06771220464115683, "test_neg_mean_squared_error_mean": -3.6004464635474185, "test_neg_mean_squared_error_std": 0.8436642097828396, "test_r2_mean": 0.5155852380942133, "test_r2_std": 0.043640277320690986, "encoder": "SKTargetEncoderCV", "data_id": 42729, "data_name": "taxi", "is_classification": false, "cv": 10}