{"fit_time_mean": 7.333353710174561, "fit_time_std": 1.4329954169363759, "score_time_mean": 0.28556869029998777, "score_time_std": 0.059445820617679515, "test_neg_mean_squared_error_mean": -3.600840483288273, "test_neg_mean_squared_error_std": 0.8715347236834589, "test_r2_mean": 0.516064166615791, "test_r2_std": 0.04650742650293138, "encoder": "JamesSteinEncoder", "data_id": 42729, "data_name": "taxi", "is_classification": false, "cv": 10}