{"fit_time_mean": 17.93631508350372, "fit_time_std": 4.932947498456153, "score_time_mean": 0.873541259765625, "score_time_std": 0.21595395906030215, "test_neg_mean_squared_error_mean": -3.59652660560887, "test_neg_mean_squared_error_std": 0.5749409472817435, "test_r2_mean": 0.514065271909975, "test_r2_std": 0.02937126886802115, "encoder": "SKOrdinalEncoder", "data_id": 42729, "data_name": "taxi", "is_classification": false, "cv": "KFold(n_splits=10, random_state=42, shuffle=True)"}