{"fit_time_mean": 21.447086358070372, "fit_time_std": 4.357012927753879, "score_time_mean": 0.5735008955001831, "score_time_std": 0.10519378637485091, "test_neg_mean_squared_error_mean": -3.600798418547959, "test_neg_mean_squared_error_std": 0.57159527163366, "test_r2_mean": 0.5132625254997917, "test_r2_std": 0.031907023973955645, "encoder": "JamesSteinEncoderCV", "data_id": 42729, "data_name": "taxi", "is_classification": false, "cv": "KFold(n_splits=10, random_state=42, shuffle=True)"}