{"fit_time_mean": 12.913422346115112, "fit_time_std": 1.7057821987895274, "score_time_mean": 0.3279613971710205, "score_time_std": 0.04765390627848443, "test_neg_mean_squared_error_mean": -3.5674226011699552, "test_neg_mean_squared_error_std": 0.8589282156814828, "test_r2_mean": 0.5199331702531276, "test_r2_std": 0.050083070337140656, "encoder": "SKTargetEncoder", "data_id": 42729, "data_name": "taxi", "is_classification": false, "cv": 10}