{"fit_time_mean": 74.5066750049591, "fit_time_std": 19.543549769046248, "score_time_mean": 0.595766258239746, "score_time_std": 0.12951529310656337, "test_neg_mean_squared_error_mean": -3.569736434017581, "test_neg_mean_squared_error_std": 0.5668748057387129, "test_r2_mean": 0.517448514841599, "test_r2_std": 0.032022024546259985, "encoder": "SKTargetEncoderCV", "data_id": 42729, "data_name": "taxi", "is_classification": false, "cv": "KFold(n_splits=10, random_state=42, shuffle=True)"}