{"fit_time_mean": 6.334989762306213, "fit_time_std": 1.2355776502254898, "score_time_mean": 0.3091862678527832, "score_time_std": 0.04824599000525497, "test_neg_mean_squared_error_mean": -3.5955877507168372, "test_neg_mean_squared_error_std": 0.894165709367504, "test_r2_mean": 0.5170459982006953, "test_r2_std": 0.050103904471318066, "encoder": "SKOrdinalEncoder", "data_id": 42729, "data_name": "taxi", "is_classification": false, "cv": 10}