{"fit_time_mean": 25.62322332859039, "fit_time_std": 6.272387383490254, "score_time_mean": 0.6507808685302734, "score_time_std": 0.1399925699196188, "test_neg_mean_squared_error_mean": -3.5802367310167247, "test_neg_mean_squared_error_std": 0.5632370162126716, "test_r2_mean": 0.5159702929807723, "test_r2_std": 0.030551698236346944, "encoder": "SKTargetEncoderBS", "data_id": 42729, "data_name": "taxi", "is_classification": false, "cv": "KFold(n_splits=10, random_state=42, shuffle=True)"}