{"fit_time_mean": 12.24090871810913, "fit_time_std": 2.2281483571642835, "score_time_mean": 0.4608875274658203, "score_time_std": 0.0751008260706904, "test_neg_mean_squared_error_mean": -3.5815152163837944, "test_neg_mean_squared_error_std": 0.5948100262131613, "test_r2_mean": 0.5160925756418122, "test_r2_std": 0.03589788018793967, "encoder": "JamesSteinEncoder", "data_id": 42729, "data_name": "taxi", "is_classification": false, "cv": "KFold(n_splits=10, random_state=42, shuffle=True)"}