{"fit_time_mean": 7.347292113304138, "fit_time_std": 1.8344654511713656, "score_time_mean": 0.3707007884979248, "score_time_std": 0.06422787842336003, "test_neg_mean_squared_error_mean": -3.803354703445913, "test_neg_mean_squared_error_std": 0.6059426519618062, "test_r2_mean": 0.4862410267080186, "test_r2_std": 0.028479878695131067, "encoder": "drop", "data_id": 42729, "data_name": "taxi", "is_classification": false, "cv": "KFold(n_splits=10, random_state=42, shuffle=True)"}