{"fit_time_mean": 3.2537994623184203, "fit_time_std": 0.5954832789442087, "score_time_mean": 0.20057353973388672, "score_time_std": 0.04064047214444067, "test_neg_mean_squared_error_mean": -3.8362981295159835, "test_neg_mean_squared_error_std": 0.9263222926961132, "test_r2_mean": 0.484539830316941, "test_r2_std": 0.0496948284618404, "encoder": "drop", "data_id": 42729, "data_name": "taxi", "is_classification": false, "cv": 10}