{"fit_time_mean": 28.65917217731476, "fit_time_std": 6.778003088172728, "score_time_mean": 0.7257099866867065, "score_time_std": 0.20500470898048684, "test_neg_mean_squared_error_mean": -3.552030251998319, "test_neg_mean_squared_error_std": 0.5943982117266863, "test_r2_mean": 0.5201962595928766, "test_r2_std": 0.03358941205888776, "encoder": "SKTargetEncoder", "data_id": 42729, "data_name": "taxi", "is_classification": false, "cv": "KFold(n_splits=10, random_state=42, shuffle=True)"}