{"fit_time_mean": 9.556443762779235, "fit_time_std": 1.2561551372422313, "score_time_mean": 0.25994555950164794, "score_time_std": 0.05613858091785472, "test_neg_mean_squared_error_mean": -3.6160484035427904, "test_neg_mean_squared_error_std": 0.8894655922269965, "test_r2_mean": 0.5142061703501103, "test_r2_std": 0.04622070378538601, "encoder": "JamesSteinEncoderCV", "data_id": 42729, "data_name": "taxi", "is_classification": false, "cv": 10}