{"fit_time_mean": 0.16294517517089843, "fit_time_std": 0.018671793470691846, "score_time_mean": 0.009789133071899414, "score_time_std": 0.0015930771545367706, "test_average_precision_mean": 0.6279085742072578, "test_average_precision_std": 0.036269258088791924, "test_roc_auc_mean": 0.8193063276973609, "test_roc_auc_std": 0.02196346537037556, "test_accuracy_mean": 0.791276797227595, "test_accuracy_std": 0.013536759566685076, "encoder": "drop", "data_id": 42178, "data_name": "telco", "is_classification": true, "cv": "StratifiedKFold(n_splits=10, random_state=42, shuffle=True)"}