{"fit_time_mean": 0.5002250432968139, "fit_time_std": 0.06662160949198993, "score_time_mean": 0.02528560161590576, "score_time_std": 0.0020413821143237935, "test_average_precision_mean": 0.4813932920679047, "test_average_precision_std": 0.02366837896774126, "test_roc_auc_mean": 0.7319494631807218, "test_roc_auc_std": 0.018309999110985832, "test_accuracy_mean": 0.732496776273372, "test_accuracy_std": 0.017755100087182146, "encoder": "SKTargetEncoder", "data_id": 42178, "data_name": "telco", "is_classification": true, "cv": 10}