{"fit_time_mean": 4.298510551452637, "fit_time_std": 0.948328358907296, "score_time_mean": 0.06685497760772705, "score_time_std": 0.016802456135760143, "test_average_precision_mean": 0.6599454209809423, "test_average_precision_std": 0.03686167780412158, "test_roc_auc_mean": 0.8430759018708489, "test_roc_auc_std": 0.015893748193096528, "test_accuracy_mean": 0.7989440280464217, "test_accuracy_std": 0.016698954825051213, "encoder": "SKTargetEncoderCV", "data_id": 42178, "data_name": "telco", "is_classification": true, "cv": "StratifiedKFold(n_splits=10, random_state=42, shuffle=True)"}