{"fit_time_mean": 0.9156174182891845, "fit_time_std": 0.19431104296628499, "score_time_mean": 0.0607982873916626, "score_time_std": 0.012604853286738174, "test_average_precision_mean": 0.6248866544818035, "test_average_precision_std": 0.07733056519193032, "test_roc_auc_mean": 0.8151204303273056, "test_roc_auc_std": 0.05372859397522617, "test_accuracy_mean": 0.7765234123146356, "test_accuracy_std": 0.04478628707743822, "encoder": "SKTargetEncoderBS", "data_id": 42178, "data_name": "telco", "is_classification": true, "cv": "StratifiedKFold(n_splits=10, random_state=42, shuffle=True)"}