{"fit_time_mean": 0.34994657039642335, "fit_time_std": 0.025204992716098613, "score_time_mean": 0.03399658203125, "score_time_std": 0.003245193310455925, "test_average_precision_mean": 0.48438393035708904, "test_average_precision_std": 0.026912083233474403, "test_roc_auc_mean": 0.7325564873171577, "test_roc_auc_std": 0.018968818228088685, "test_accuracy_mean": 0.7322130883301095, "test_accuracy_std": 0.017303105981707794, "encoder": "JamesSteinEncoder", "data_id": 42178, "data_name": "telco", "is_classification": true, "cv": 10}