{"fit_time_mean": 0.9965253114700318, "fit_time_std": 0.04961179848886741, "score_time_mean": 0.032164597511291505, "score_time_std": 0.002719205407913214, "test_average_precision_mean": 0.6568750647241106, "test_average_precision_std": 0.03548817749565387, "test_roc_auc_mean": 0.8418373274078169, "test_roc_auc_std": 0.014303819676489493, "test_accuracy_mean": 0.8020710428755642, "test_accuracy_std": 0.013124723430531695, "encoder": "JamesSteinEncoderCV", "data_id": 42178, "data_name": "telco", "is_classification": true, "cv": 10}