{"fit_time_mean": 0.21091046333312988, "fit_time_std": 0.04902367052268531, "score_time_mean": 0.027082324028015137, "score_time_std": 0.005206736500822001, "test_average_precision_mean": 0.6507425828934184, "test_average_precision_std": 0.0376039235710096, "test_roc_auc_mean": 0.8369596265661361, "test_roc_auc_std": 0.01499214130170583, "test_accuracy_mean": 0.7945486782720825, "test_accuracy_std": 0.008825856118033562, "encoder": "SKOrdinalEncoder", "data_id": 42178, "data_name": "telco", "is_classification": true, "cv": 10}