{"fit_time_mean": 0.10694901943206787, "fit_time_std": 0.01650802366706848, "score_time_mean": 0.006070566177368164, "score_time_std": 0.0012885377349424701, "test_average_precision_mean": 0.6269660672759279, "test_average_precision_std": 0.025037379113996304, "test_roc_auc_mean": 0.8186155298910796, "test_roc_auc_std": 0.010207170490246423, "test_accuracy_mean": 0.7865947372662798, "test_accuracy_std": 0.009919875492410144, "encoder": "drop", "data_id": 42178, "data_name": "telco", "is_classification": true, "cv": 10}