{"fit_time_mean": 1.6330610752105712, "fit_time_std": 0.044557373830036065, "score_time_mean": 0.025126838684082033, "score_time_std": 0.00283418300685214, "test_average_precision_mean": 0.658827487586423, "test_average_precision_std": 0.03785968095098482, "test_roc_auc_mean": 0.8436198364331589, "test_roc_auc_std": 0.01409121063366437, "test_accuracy_mean": 0.8007930367504837, "test_accuracy_std": 0.014580741166397189, "encoder": "SKTargetEncoderCV", "data_id": 42178, "data_name": "telco", "is_classification": true, "cv": 10}