{"fit_time_mean": 1.0989908456802369, "fit_time_std": 0.17532946097763125, "score_time_mean": 0.06592669486999511, "score_time_std": 0.013276136611285305, "test_average_precision_mean": 0.4644081201473499, "test_average_precision_std": 0.03238981351885, "test_roc_auc_mean": 0.7197137734098341, "test_roc_auc_std": 0.024842928876528537, "test_accuracy_mean": 0.7286663845905867, "test_accuracy_std": 0.016814445884373485, "encoder": "SKTargetEncoder", "data_id": 42178, "data_name": "telco", "is_classification": true, "cv": "StratifiedKFold(n_splits=10, random_state=42, shuffle=True)"}