{"fit_time_mean": 0.8315658569335938, "fit_time_std": 0.14999531997122406, "score_time_mean": 0.08387193679809571, "score_time_std": 0.02210597629246708, "test_average_precision_mean": 0.46208593534319514, "test_average_precision_std": 0.033882363603882054, "test_roc_auc_mean": 0.7204559154959032, "test_roc_auc_std": 0.02378518399674367, "test_accuracy_mean": 0.7298007333978078, "test_accuracy_std": 0.018050682805868228, "encoder": "JamesSteinEncoder", "data_id": 42178, "data_name": "telco", "is_classification": true, "cv": "StratifiedKFold(n_splits=10, random_state=42, shuffle=True)"}