{"fit_time_mean": 0.3634575366973877, "fit_time_std": 0.04320532015293013, "score_time_mean": 0.057270050048828125, "score_time_std": 0.01471059045669154, "test_average_precision_mean": 0.6493859825799595, "test_average_precision_std": 0.033299824121608916, "test_roc_auc_mean": 0.8385028821044423, "test_roc_auc_std": 0.016638739822263632, "test_accuracy_mean": 0.7938318020631852, "test_accuracy_std": 0.015527774909266913, "encoder": "SKOrdinalEncoder", "data_id": 42178, "data_name": "telco", "is_classification": true, "cv": "StratifiedKFold(n_splits=10, random_state=42, shuffle=True)"}