{"fit_time_mean": 3.1656274795532227, "fit_time_std": 0.7309130061322178, "score_time_mean": 0.11075084209442139, "score_time_std": 0.039803576162323134, "test_average_precision_mean": 0.6583241234532571, "test_average_precision_std": 0.03716523088473836, "test_roc_auc_mean": 0.8422552154061759, "test_roc_auc_std": 0.016655789396928293, "test_accuracy_mean": 0.799227715989684, "test_accuracy_std": 0.017272191613604698, "encoder": "JamesSteinEncoderCV", "data_id": 42178, "data_name": "telco", "is_classification": true, "cv": "StratifiedKFold(n_splits=10, random_state=42, shuffle=True)"}